1,rl,-3.5,0.9340680553754911,1.0234398079532292,-71.64078655672604
1,rl,-3.5,0.9340680553754911,1.0234398079532292,-71.64078655672604
1,rl,-5.0,1.0,1.0551466325330618,-105.51466325330618
1,rl,-5.0,1.0,1.0551466325330618,-105.51466325330618
1,il,-5.6344627723609095,0.22194073285321086,0.8193043124099028,-461.63396475083493
2,il,-7.667231386180456,0.22194073285321086,0.8193043124099028,-628.1795738942204
3,il,-8.338396355720919,0.22194073285321086,0.8193043124099028,-683.1684092825167
4,il,-8.65379726679069,0.30229218908241484,0.8393634266987302,-726.3680927809539
5,il,-8.78999670323544,0.28229218908241477,0.834325137305904,-733.3715206345352
6,il,-8.734476782740568,0.3349444868386896,0.8476544802590837,-740.3818377608991
7,il,-8.429705752920535,0.41499379417611093,0.8683287115174982,-731.9755534905131
8,il,-7.350230141295136,0.5146303151806381,0.8947675146489412,-657.6747155624386
9,il,-6.853862183007778,0.5581177874279083,0.9065579523574525,-621.3423266367711
10,il,-6.616681578632454,0.5466653171506416,0.9034379414702801,-597.7761184764028
11,il,-6.156883331051388,0.6639385916705984,0.9359014609632369,-576.2236104511194
12,il,-6.409056283080332,0.6639385916705984,0.9359014609632369,-599.8245138730496
13,il,-6.348654918182612,0.7656559061436189,0.9650019836393511,-612.6464589487944
14,il,-6.1156268833992025,0.9288554513140557,1.013594411318732,-619.8765230724026
15,il,-5.705264371751581,1.1157273273587816,1.072247460845511,-611.7455236062992
16,il,-5.078657615752912,1.2833065016242884,1.1277260210715478,-572.7334345397745
17,il,-4.45558650211462,1.5270417030182664,1.2135802087958332,-540.7211597544157
18,il,-2.455278049997804,1.6558054972812468,1.2615443001177318,-309.7442029178909
19,il,-2.6920006933897196,1.8555157249484764,1.3397129498277585,-360.65081898795125
20,il,-3.100320616704663,1.8547631661615376,1.339409481922812,-415.2598831015006
21,il,-2.4505418031082544,1.8933250602924157,1.355048325841512,-332.06025677064804
22,il,-1.5130470414400166,2.2407546645333762,1.5044446861088798,-227.6295581327195
23,il,-1.0157648342884769,2.335136067144446,1.5478014180116104,-157.2202250878033
24,il,-0.9246768470588891,2.144599349423957,1.4615217927672035,-135.1435363243833
25,il,-1.3318898014492464,2.22251068460574,1.4962049451390265,-199.27801073085985
26,il,-1.2101886338153636,2.1681731588817015,1.4719302585030851,-178.13132686093434
27,il,-1.4354105389265501,2.121145785014197,1.4512394585480506,-208.3124413305932
28,il,-1.7127173053934583,2.0700389635169767,1.429083463321071,-244.76159784816159
29,il,-1.0321382804420722,1.700697312967149,1.2787082498746074,-131.9803734212669
30,il,-0.9610670044273357,1.6147243650361605,1.2460392895825696,-119.75272474378856
31,il,-0.9813779843285069,1.7426455572798196,1.2949577490264352,-127.08430255301435
32,il,-1.1292898673279443,1.9547687750750322,1.3803450714930978,-155.88097026532225
33,il,-1.6823854330712984,2.2180150283475126,1.4941814595428795,-251.37891219001523
34,il,-1.8335873188415244,2.0708934999458704,1.4294511296069847,-262.10234641510596
35,il,-1.9011991097317666,1.9370573139175038,1.3730050963886746,-261.03560669113267
36,il,-1.7695171359071535,2.0815890829057526,1.434060938059175,-253.7595403830797
37,il,-1.6422507321155475,2.144610771730478,1.4615268181555106,-240.0193487122394
38,il,-1.4180640217059926,2.217111465393862,1.4937750981228155,-211.82687231683033
39,il,-1.4009404529508742,2.246901483285095,1.507231052805461,-211.15409538189058
40,il,-1.2019804198189459,2.301379154844547,1.5321525480970495,-184.16173629883593
41,il,-1.0487841774068893,2.3026573674136372,1.5327422036877838,-160.7515771271515
42,il,-1.17638019462034,2.2759085119036655,1.5204498017761912,-178.8627033723933
43,il,-1.274603911024518,2.206157711089782,1.488857623169602,-189.77037494506428
44,il,-1.3077579018237424,2.1603367734310965,1.4684620863382136,-192.03928969373774
45,il,-1.38372609569592,2.1262919970100045,1.4534894090476473,-201.12312251168714
46,il,-1.2293420763406577,2.1712393793601965,1.473289513170625,-181.11767891720928
47,il,-1.1873899127147225,2.276055909826475,1.520517267449207,-180.54468654777423
48,il,-1.2693298358918697,2.2269555458155197,1.498208261999677,-190.17204473358936
49,il,-1.1900883461344776,2.2762751793224005,1.5206176350817728,-180.96693264373874
50,il,-1.1896128198023437,2.3127536729309712,1.5374077393439864,-182.89199559869462
51,il,-1.0669376900878804,2.2868340003085543,1.5254586409843591,-162.75693187364496
52,il,-1.0464416414643005,2.333314792130329,1.5469530554499957,-161.87960946133086
53,il,-1.167767991699956,2.332438080042467,1.5465448426729806,-180.60055650021508
54,il,-1.1300923464568262,2.360648986758626,1.5597345368280962,-176.26440625738144
55,il,-0.9538842523191873,2.4209088917456207,1.5882863647558,-151.50413515138465
56,il,-0.45959322941440367,2.0024959131858537,1.400320053163434,-64.35776154471321
57,il,-0.3322296951506763,1.747583337710161,1.296884031429328,-43.086338640754576
58,il,-0.26502685641135737,1.6462794860682477,1.2579318586369366,-33.338572607424325
59,il,0.03844114323974497,0.5790188873238005,0.9122798681369375,3.5069081085787666
60,il,-0.029160549530500103,0.6082998482997923,0.9203566551048539,-2.6838105826910494
61,il,0.275695671884581,0.7148167306993363,0.9503459157478316,26.20062557648658
62,il,0.32717615201351835,1.0710469589756322,1.0579221465630404,34.612689704237695
63,il,0.28323629146882345,0.8696063826295541,0.9956764629393234,28.20117088657294
64,il,0.2984604967037708,0.9475205240798366,1.019305571403118,30.422244713389553
65,il,0.6045480604486019,1.2427086502697444,1.114027763376246,67.34833236350035
66,il,0.635134642485546,1.4386302246272458,1.1817073909088285,75.0543301247406
67,il,0.5884755296548682,1.3425840137170102,1.148030130531813,67.5587639124456
68,il,0.540940153559271,1.3187341964598849,1.1398173534235871,61.657297419047715
69,il,0.5000023802181071,1.3359410935179559,1.1457366876252617,57.28710709158406
70,il,0.4542880605007052,1.3418835618981682,1.1477880858527134,52.14264233878461
71,il,0.4076516153101721,1.1872660578008571,1.09558906778309,44.661865319794224
72,il,0.3829481550563239,1.0973733900813085,1.066339537696414,40.83527586244551
73,il,0.5448123967396665,1.3418835618981682,1.1477880858527134,62.532917800265096
74,il,0.4595311060608521,1.2702575252913793,1.123304852102872,51.61935211303546
75,il,0.48489324426680747,1.2943105457517972,1.131467861010337,54.86411219089275
76,il,0.504419104492605,1.3392712254668417,1.146885829725017,57.851112318515135
77,il,0.5078632499856716,1.4066576988975232,1.170388382794935,59.439724783170995
78,il,0.5038844627409674,1.4437202731323788,1.1835194585831141,59.63570665316331
79,il,0.511467824456322,1.5972301740476786,1.2394945508079018,63.39615813271836
80,il,0.5553358920098723,1.6577436968907204,1.2622805707564413,70.09897067277592
81,il,0.8246651525036282,1.785589760617328,1.311806981223802,108.18015042262508
82,il,0.887258051479497,1.8316076113967679,1.3301055701682793,118.01468764495328
83,il,0.8734289818341443,1.8452700023957913,1.3355872792262056,116.65406374451797
84,il,0.8867136575099398,1.8345235335653087,1.3312736228575448,118.04585032705218
85,il,0.8127523203627645,1.783458783126504,1.31096574244825,106.54904490909094
86,il,0.8013814538552557,1.7504004175746046,1.2979842886667736,104.0180536333059
87,il,0.8079695569371025,1.782257286169729,1.3104916694131985,105.88373735055457
88,il,0.9116996977415596,1.785589760617328,1.311806981223802,119.5974028277008
89,il,0.896542558805601,1.75417916495989,1.299461607041543,116.50226342466634
90,il,1.256999085001842,1.8976767369515426,1.3568245822823624,170.5527258436936
91,il,1.194988524348908,1.8716449696254167,1.3462335912449486,160.87336926307322
92,il,1.2544630501970822,1.7959600381976562,1.3159085325475015,165.07586315199052
93,il,1.2561809309646117,1.796253848813156,1.3160249242884297,165.31654145652723
94,il,1.1853704955288178,1.810119765105928,1.321529567323268,156.65021580739665
95,il,1.1831841426703442,1.8602450051635935,1.341621597444524,158.73853995604168
96,il,1.1549654944755516,1.853853442643304,1.3390427294097706,154.6548148096648
97,il,1.1137245618716503,1.8468627765868872,1.3362278105554968,148.81897328716352
98,il,1.2483822209840825,1.8296920025361825,1.3293387782824475,165.95228964725084
99,il,1.2333048334041878,1.9097100302123362,1.3617484321713853,167.94509232775442
100,il,1.0554121431767012,1.9046700658260958,1.3596839805311305,143.50269839353885
101,il,1.1072457209149582,1.8833962025939381,1.3510042901821446,149.58937192419302
102,il,1.0874435073304347,1.907008642427369,1.3606415101789697,147.9620776048398
103,il,1.0854952253909105,1.872745057579883,1.3466794830770101,146.1814149011994
104,il,1.1049978411397692,1.8867072509421077,1.3523515410651947,149.434553333908
105,il,1.0713409149865303,1.848332181375248,1.3368190015158268,143.21888922553458
106,il,1.0494932057389068,1.8505279635665919,1.3377029260375672,140.39101321734822
107,il,1.029404484189945,1.8454000582852337,1.3356395694585252,137.49133620621336
108,il,0.9554540559498694,1.8519902494144058,1.3382919016551,127.86764254812292
109,il,0.8898076884640909,1.8417277670429137,1.3341638760459746,118.71492745767605
110,il,0.8837705017636928,1.8893038333084362,1.3534090187707295,119.61029676105147
111,il,0.8961240649468409,1.8911560842186221,1.354163867170393,121.34988292528666
112,il,0.8499374962038359,1.8527209231051607,1.3385862976218117,113.77146862534453
113,il,0.8027601917984319,1.8893038333084362,1.3534090187707295,108.64628834901183
114,il,0.75361317257213,1.8792661986581047,1.3493256909327036,101.68696147768762
115,il,0.7393679270949803,1.868792534886327,1.3450781191327537,99.45076207239991
116,il,0.7159625170599674,1.8601300891480306,1.3415751873064,96.05175479290872
117,il,0.7184045763136986,1.8644572819496121,1.3433238817317241,96.50500241075522
118,il,0.7269603848538957,1.8424391258787995,1.3344496049536743,97.0091998385252
119,il,0.9237573528756343,1.8547077224444746,1.3393871270678885,123.72687069759336
120,il,0.9023320663825893,1.850410553209109,1.3376556470481586,120.70095841093045
121,il,0.8998921838677798,1.8768185426468156,1.3483318498246633,121.33532929171994
122,il,0.8434156896862646,1.8779581704820048,1.3487944908173148,113.75944357177197
123,il,0.7687163715895214,1.8481575021239387,1.3367487084823144,102.75806169115036
124,il,0.7508603717654385,1.8963608877222857,1.3562872368089829,101.83823388511122
125,il,0.7096534887913154,1.8665614872004068,1.3441750514464328,95.38985148052069
126,il,0.9876687137244075,1.9614851189222466,1.383138705251578,136.60828259182685
127,il,0.7858112112608588,1.9167861920321,1.36465223448992,107.23590253343616
128,il,0.7380816067037566,1.8953687283236609,1.355882215340163,100.07517239993165
129,il,0.7210076005474721,1.8774284623804334,1.348579431855175,97.23360203095729
130,il,0.7256465128980341,1.8119751490957405,1.322267882421147,95.9499077995973
131,il,0.6988662594539313,1.7910566400144519,1.3139675923610727,91.8287616317071
132,il,0.7913545528655932,1.7811537958205998,1.3100564177439247,103.67191106924443
133,il,0.7825063324784187,1.831979990365825,1.3302546796880865,104.09327106649783
134,il,0.7999808623877566,1.811554259808533,1.3221003612960756,105.7654987192799
135,il,0.8100067696382114,1.7740432231855539,1.307255246697883,105.88855994703553
136,il,0.7547674980967097,1.711798520532939,1.2829885805979313,96.83580810645495
137,il,0.6959105266769676,1.701178843203538,1.27889361852121,88.99955316289082
138,il,0.60325643849947,1.6686769157868464,1.2664418665745185,76.39892099963649
139,il,0.6345296487170975,1.707190069948061,1.2812099478317567,81.29656981305354
140,il,0.5761658248331448,1.6262141711811684,1.2503565226064355,72.04126971830395
141,il,0.5419721029507378,1.532233476068987,1.215478371240541,65.87553689523736
142,il,0.5570778661301324,1.532233476068987,1.215478371240541,67.71160973780096
143,il,0.6797771892966072,1.837771349840303,1.3325758323995078,90.58546538731242
144,il,0.6879988967634542,1.8395771669692746,1.3333004243762372,91.73092210250964
145,il,0.72447437706879,1.857866649453296,1.3406613986344307,97.1274831635852
146,il,0.757540679322079,1.8352400269252733,1.331560790898852,100.87114660961612
147,il,0.8782463075690717,1.858315246864154,1.3408424554860505,117.75899355624712
148,il,0.9184820515927785,1.8054135160505973,1.3196586527321787,121.20827867636136
149,il,0.8733568477274464,1.7944173758360735,1.3152975827540754,114.87241506976294
150,il,0.8575306776577034,1.7785412548507191,1.3090265247205688,112.25304028155378
151,il,1.0444916979680314,1.6757270555646233,1.2691324947946692,132.55983544344878
152,il,1.0323568841656101,1.5357088581084655,1.2167506631278877,125.61209233931461
153,il,1.0075314973353935,1.4654895797216105,1.1913007836839398,120.02730623619075
154,il,0.9603431726371088,1.6023065243440764,1.241390112178256,119.21605188096026
155,il,0.8928570876523528,1.681072922801703,1.2711765113069355,113.49789577775887
156,il,0.9702751273576218,1.5859704972190183,1.2353003955103297,119.85812485787056
157,il,0.9730122284572543,1.5686382879871812,1.228871982082374,119.57074657746537
158,il,0.9687594460697142,1.6023065243440764,1.241390112178256,120.26083974302276
159,il,0.9750301566226224,1.6126560424664311,1.2452637131831101,121.41696733013963
160,il,0.9792844971258766,1.6520003362593387,1.2601000693062256,123.39964626988295
161,il,0.9353137859636039,1.6776837578218065,1.2698802671300005,118.77365203698335
162,il,0.9589980207334216,1.5332062193464953,1.2158343456952048,116.5982731061416
163,il,0.9647847675170246,1.6689078317681838,1.2665299033478936,122.19287583548572
164,il,0.9377283041608474,1.6023065243440764,1.241390112178256,116.40866446949602
165,il,0.9197941589308078,1.5686382879871812,1.228871982082374,113.03092711930918
166,il,0.8672652784553221,1.6582051339308148,1.2624559217723241,109.4884186533445
167,il,0.8177606959496012,1.6050994911366379,1.2424342706327645,101.60139138242846
168,il,0.8187854766678584,1.5301575604303226,1.2147190404387191,99.45943085431402
169,il,0.784893887242255,1.539243860269233,1.2180461473960853,95.6036975470166
170,il,0.8043945114349479,1.6072590326639606,1.243242223314128,100.00572208180664
171,il,0.8230224767838757,1.5767566095163745,1.2318788437443307,101.38639770761161
172,il,0.7902466613316563,1.670114610804416,1.2669900877185571,100.12346867598923
173,il,0.777367767063755,1.7253654580298459,1.2882390910889585,100.14355456840649
174,il,0.791844663604907,1.775247374323675,1.3077291938101903,103.55183835589463
175,il,0.803916110278545,1.7501066330801363,1.2978695026793103,104.3378202243101
176,il,0.8299504636504096,1.7158079107572202,1.284538014313311,106.61029205559089
177,il,0.8293641988922764,1.6442387232720925,1.2571593096567726,104.26429237334564
178,il,0.9161052352356382,1.7212630295135611,1.2866491569707534,117.87060286124277
179,il,0.8981898343318704,1.7887722105292274,1.3130643113851426,117.93810163101128
180,il,0.954631090378394,1.685642323883885,1.2729262517820203,121.51749757099522
181,il,0.957156031752037,1.7051637246352422,1.2804286599656702,122.55700151143192
182,il,0.9292219641907541,1.7250492505030222,1.288116472086234,119.6946118298435
183,il,0.969482756567951,1.7306187498668208,1.2902779220278955,125.0902196586372
184,il,0.9313258577501753,1.7524981606636003,1.298804203303092,120.96099386907852
185,il,0.9403930625753564,1.6297693373283182,1.2516953850287007,117.70856565385797
186,il,0.9425833792484822,1.6297693373283182,1.2516953850287007,117.98272658100828
187,il,0.9269978371006076,1.6422204623066836,1.256395745583222,116.4676138698052
188,il,0.9170515903048462,1.5637820068019073,1.2270768234408393,112.52927523626407
189,il,0.9199615250453553,1.5855391468567779,1.2351400029116915,113.62812807231643
190,il,1.0214027952124696,1.5462668567650413,1.2206239824527247,124.67487475805893
191,il,0.9877828852898901,1.5462668567650413,1.2206239824527247,120.57114792411886
192,il,0.945633363426888,1.5267343070165742,1.213467914840745,114.74957457214661
193,il,0.902921334867262,1.664127038203528,1.2647084722839916,114.19322620125973
194,il,0.869848920224786,1.7569049041032714,1.3005282908524265,113.12631295197697
195,il,0.8561352873323064,1.780973506419571,1.3099853196132771,112.15246580082162
196,il,0.8145240330818692,1.8734151724220465,1.346951168950628,109.71240984980037
197,il,0.7834858400205396,1.8385464894094887,1.3328868122728947,104.42979437659281
198,il,0.7709879979340906,1.8481164814073963,1.3367322017880892,103.06044840306276
199,il,0.7598999293923296,1.8385464894094887,1.3328868122728947,101.286059453414
200,il,0.7680535004509912,1.8717856433673103,1.3462906014273557,103.40232090505508
201,il,0.7654614912483101,1.8647224932759137,1.3434311323765313,102.83447979783455
202,il,0.8563207662032152,1.8308030070601318,1.329783444257606,113.87211778710235
203,il,0.8683470848563201,1.7657262359097037,1.3039864143053765,113.23128015543193
204,il,0.8534149048721004,1.7638096545665405,1.3032342983212275,111.21995747278689
205,il,0.8706237679637395,1.7430468635555463,1.2951141961401633,112.75572013868786
206,il,0.970752429278789,1.702546359768664,1.2794202007314928,124.20002679284525
207,il,0.9439329450964354,1.734981201794403,1.2919734653391317,121.9536318124014
208,il,0.9596328710941445,1.661493060283379,1.2637060743467603,121.2693888344492
209,il,0.9254540058902194,1.6886781402895357,1.2740900748978417,117.91117636791772
210,il,0.9217506610209913,1.71904492136007,1.2857903261025372,118.51780830194097
211,il,0.8926736677925797,1.661493060283379,1.2637060743467603,112.80771363988849
212,il,0.8694154609299817,1.6886781402895357,1.2740900748978417,110.77136097336219
213,il,0.9408382059935516,1.6106230644502044,1.2445018606723621,117.08748979506221
214,il,0.9141404581584734,1.7705198294171076,1.305869445119825,119.37480928569883
215,il,0.9232248558284691,1.744315671346953,1.2956089584574193,119.61383938819239
216,il,0.9133881253444476,1.6753612797625073,1.2689927589585663,115.90829171808433
217,il,0.9763847331479829,1.6597924702090576,1.2630593125986735,123.32318298817306
218,il,0.9645645866588329,1.595394601389209,1.238809841877291,119.49121030792634
219,il,0.9435504162822967,1.6203785814104184,1.2481619649937654,117.77037416575968
220,il,0.9312672060064264,1.6739870801536718,1.2684679165600548,118.1282572563675
221,il,0.9506069251749716,1.6467961170475058,1.2581275092012068,119.5984722999805
222,il,1.00251823059356,1.5947998130174672,1.2385880538953484,124.17071042254858
223,il,1.0888940133075498,1.558606183872845,1.2251664307513428,133.4076391750516
224,il,1.1757938688669793,1.5471537135955784,1.2209498965600072,143.55854025690292
225,il,1.170965073885864,1.572608738827157,1.2303416384602461,144.0687087584457
226,il,1.1422609364060892,1.510747915767774,1.2076422709850523,137.94425912989618
227,il,1.1244261289282964,1.4485814587626982,1.1852526446313734,133.2729043004881
228,il,1.1068793976652653,1.4851963501483367,1.1983889758463149,132.64720677534632
229,il,1.0936962200988278,1.4815853590159114,1.1970870148373054,130.924954325695
230,il,1.057282584107845,1.4485814587626982,1.1852526446313734,125.31469789365158
231,il,1.0261513301411522,1.4485814587626982,1.1852526446313734,121.62485778418022
232,il,1.0249313642583353,1.4851963501483367,1.1983889758463149,122.82664479263127
233,il,0.9993097668610106,1.4551316790832343,1.1875920466344223,118.6772331248235
234,il,0.9982622679431736,1.5587405193480288,1.2252159762676185,122.30868791891224
235,il,0.9654081302749088,1.464910595032121,1.1910931678687582,114.9891028175396
236,il,0.9360137852310604,1.428814190287753,1.1782206931846633,110.28308108653404
237,il,0.9327798673547679,1.4906379022722063,1.2003536300516728,111.96656998184135
238,il,0.9165792525016875,1.4324594700537558,1.1795143098121297,108.11183444026456
239,il,0.9222498104852462,1.4917465704688728,1.2007543057894499,110.73954309536636
240,il,0.9219535742153175,1.5257366190948156,1.2131035239014518,111.84251297541404
241,il,0.9019454680982417,1.5574464380823712,1.2247387774213756,110.4647589899391
242,il,0.8907804041804803,1.5574464380823712,1.2247387774213756,109.09733031669202
243,il,0.939095864096833,1.5574464380823712,1.2247387774213756,115.01471204754256
244,il,0.9870619330666961,1.6222627397552718,1.248870108511347,123.27121434564246
245,il,0.9844139753686544,1.6574025028954353,1.2621509290477886,124.2479013579174
246,il,0.9641632900908708,1.6574025028954353,1.2621509290477886,121.6919592341965
247,il,1.0681844742157112,1.5855799192579785,1.2351551627620405,131.93735681097914
248,il,1.0737261147422108,1.5855799192579785,1.2351551627620405,132.6218354016269
249,il,1.0748366347690566,1.5660585185066211,1.2279180253166542,131.98112781036178
250,il,1.0641234227067953,1.5296527206788166,1.214534451294746,129.24145573070848
251,il,1.0662792008863642,1.4852306387819143,1.1984013455699731,127.78304290954945
252,il,1.0739141559026577,1.524750470722086,1.2127434551454497,130.23823639589983
253,il,1.0593166220581312,1.5587405193480288,1.2252159762676185,129.78916492714689
254,il,1.0421576114516657,1.5904503383355844,1.2369674040886234,128.91149952885672
255,il,1.016997999269004,1.5513517686364293,1.2224938357452144,124.32737850715732
256,il,0.9812310352364569,1.5513517686364293,1.2224938357452144,119.9548892018464
257,il,0.9929104672085426,1.5513517686364293,1.2224938357452144,121.38269256093442
258,il,0.9577303645639552,1.5513517686364293,1.2224938357452144,117.08194669854521
259,il,0.9709769408785168,1.6174626623444137,1.2470668352140755,121.08731407272164
260,il,0.9630252721786257,1.5839001180150485,1.2345307390477689,118.88843009843575
261,il,0.9513724042475772,1.5776082131841416,1.2321946865296947,117.22760214248453
262,il,0.9361282397319362,1.5586068678852403,1.2251666830232424,114.69131303567629
263,il,0.9196253385492327,1.5287051435715253,1.2141880558029794,111.65981018802495
264,il,0.9378003072560481,1.5477064888704266,1.221153081894465,114.51977354072993
265,il,0.9344278770101454,1.5477064888704266,1.221153081894465,114.1079481819041
266,il,0.9130373658846861,1.5477064888704266,1.221153081894465,111.49583932348887
267,il,0.9096648339245474,1.6201367270359046,1.248071095343981,113.53263856721107
268,il,0.877907742327124,1.6056882926553417,1.2426545077964275,109.09360134321851
269,il,0.8710886113618054,1.6135865067153685,1.2456125574742896,108.50389129851058
270,il,0.8422571532839973,1.6414479876645245,1.2561036197478674,105.79622589985634
271,il,0.8838892125555905,1.5871328267826914,1.235732697882013,109.22508012601278
272,il,0.8794944257288826,1.6353436467702391,1.2537975361245255,110.27079440141274
273,il,0.8551384635766229,1.6274454327102124,1.2508200489632226,106.96243348812465
274,il,0.8459175436476924,1.6536398426173413,1.260722133334507,106.64669702526047
275,il,0.836059277837419,1.5995839517610566,1.2403731154297084,103.70254511351115
276,il,0.8127746438062858,1.5995839517610566,1.2403731154297084,100.81438170802744
277,il,0.7935777881124664,1.6536398426173413,1.260722133334507,100.04810819960278
278,il,0.7806669285617315,1.700927637863776,1.2787969118045055,99.83144573926508
279,il,0.7611454214494325,1.7333624798895153,1.291344060899178,98.29006194693265
280,il,0.7580763475591319,1.7561162351659616,1.300219565169691,98.5665698988762
281,il,0.736517356998423,1.797645189374145,1.3165762373540542,96.96812506229365
282,il,0.7588763929327779,1.6658443437975927,1.2653624456271582,96.0253688490136
283,il,0.7586215980285442,1.6592941234770566,1.2628698460444376,95.80403407082929
284,il,0.7503307487867916,1.6919616683413785,1.2753500596533238,95.69343652249577
285,il,0.7372952609287087,1.7365948344146043,1.2926011962505413,95.30287362663039
286,il,0.7191165033445415,1.7365948344146043,1.2926011962505413,92.95308524666608
287,il,0.7057607977006286,1.8100963143525102,1.3215202381765363,93.2677177472997
288,il,0.7785714032696912,1.6411000050695752,1.2559720457668802,97.78639181402247
289,il,0.7691502888837389,1.6629794158663547,1.2642716304944572,97.24148898223275
290,il,0.7514427363952589,1.6629794158663547,1.2642716304944572,95.00277335656506
291,il,0.7277668639801403,1.6305445738406157,1.2519875265718103,91.11550359554191
292,il,0.7131299148367188,1.573120157309102,1.2305310669705625,87.75285149926539
293,il,0.7058140960040284,1.595461279774432,1.23883470775834,87.43869993548675
294,il,0.6908283337727226,1.5847929113453822,1.234862573121661,85.30780538279338
295,il,0.7032868155648534,1.5572440363237476,1.2246641575850474,86.12901555244018
296,il,0.7109577965115045,1.599106559540435,1.2401948749883915,88.17262155666076
297,il,0.7098603300702767,1.576765437075105,1.2318821172942027,87.4464246390134
298,il,0.6916634295032438,1.5346774835849748,1.2163729515072867,84.13206871945128
299,il,0.6620519655400744,1.6110049092439522,1.2446449203219092,82.40196158985893
300,il,0.6463475587722689,1.6110049092439522,1.2446449203219092,80.44732057883712
1,rl,-4.0,0.9709505944546686,1.0410574197325542,-83.28459357860433
1,rl,-3.5,0.9340680553754911,1.0234398079532292,-71.64078655672604
1,rl,-2.0,0.7219280948873623,0.9277436573889555,-37.10974629555822
1,rl,-3.0,0.8812908992306927,0.9987471317050884,-59.92482790230531
1,rl,-5.0,1.0,1.0551466325330618,-105.51466325330618
1,rl,-5.0,1.0,1.0551466325330618,-105.51466325330618
1,rl,-5.0,1.0,1.0551466325330618,-105.51466325330618
1,rl,-5.0,1.0,1.0551466325330618,-105.51466325330618
1,rl,-5.0,1.0,1.0551466325330618,-105.51466325330618
1,rl,-5.0,1.0,1.0551466325330618,-105.51466325330618
1,rl,-4.5,0.9927744539878083,1.0516244644216308,-94.64620179794677
1,rl,-5.0,1.0,1.0551466325330618,-105.51466325330618
1,rl,6.16553722763909,0.5571246835123504,0.9062869736773741,558.7746075132218
2,rl,2.5924054664186214,0.7970810816249836,0.9741741411668516,252.54543688046118
3,rl,1.7057347772934763,0.9313243258853694,1.0143480000596787,173.02086599798793
4,rl,1.0293010829701075,1.0512437511965642,1.0516342530878957,108.24482755918311
5,rl,0.6964819765731984,1.1883763717345073,1.0959553162649451,76.33131249081137
6,rl,0.6042554504332944,1.2523479506082373,1.1172650529704333,67.51134978360278
7,rl,0.34097639013279285,1.264680432643682,1.1214205490365992,38.23779306312342
8,rl,1.481454266314248,1.72069259653673,1.286428235844337,190.5784598298705
9,rl,1.929857290422786,1.801285382391597,1.3180197419474775,254.35900079184984
10,rl,1.6368715613805083,1.8185367345917038,1.3248822521162378,216.86620806668304
11,rl,1.443156100637033,1.905720614945393,1.36011404423422,196.28568804987222
12,rl,1.240979862634052,1.9605769591257187,1.3827606298553032,171.59780964936095
13,rl,1.7363295777411836,1.7890683528186,1.3131813732821467,228.01156593685772
14,rl,1.6722925215678928,1.813760193036297,1.3229785963423548,221.24072128577077
15,rl,1.9665412959130564,1.788340467566345,1.3128936666806403,258.1859612670191
16,rl,3.3807657790047436,1.6217815664663862,1.248689225782606,422.1525803137763
17,rl,3.304541345689454,1.636691374802463,1.2543063132146017,414.4907072176958
18,rl,3.399888396136106,1.7355638167756897,1.2922000774411104,439.3336048778209
19,rl,3.2256091451989137,1.7422054864153051,1.294786211469127,417.6474244792271
20,rl,4.45724867765833,1.5630142409864223,1.2267932535533286,546.8122607160734
21,rl,4.293504857978788,1.5588150972063537,1.2252434828862369,526.0588845978908
22,rl,4.36187703453401,1.5462736290883536,1.2206264709077552,532.4222571196833
23,rl,4.1287519460760125,1.5731426609199017,1.2305394029384737,508.05919546054383
24,rl,4.207600645612575,1.6050756912421842,1.2424253692665288,522.7629785851288
25,rl,4.046602757190763,1.6037331650442204,1.2419233561121146,502.5570477062888
26,rl,4.412092243781129,1.579134941401482,1.232761122258289,543.9055785950718
27,rl,4.242191119948443,1.579134941401482,1.232761122258289,522.9608285861791
28,rl,4.076398579950286,1.5764740739424847,1.231774074831381,502.12020894622196
29,rl,3.9584393757395486,1.579134941401482,1.232761122258289,487.9810167228087
30,rl,3.803158063214899,1.5731426609199017,1.2305394029384737,467.9935852389104
31,rl,4.201461767234219,1.6362504850316066,1.2541398514156832,526.9220636487797
32,rl,4.041021113091942,1.6281438450797294,1.2510830528599504,505.5653030838581
33,rl,3.4906638217008275,1.6240908348557919,1.249557565184634,436.17853859225755
34,rl,3.4895134316288248,1.6342464520335536,1.253383489564558,437.3698521817332
35,rl,4.064355965280007,1.7065402145945874,1.2809593344271748,520.6274712160196
36,rl,3.395477263553796,1.6628905696333045,1.264237817519995,429.26907651140164
37,rl,3.1868752924724606,1.6288617343200071,1.2513534488740674,398.79073883669656
38,rl,3.1066769901542988,1.6318925641299582,1.252495668061245,389.10994722338063
39,rl,2.960092922218106,1.6230838493815138,1.249178840664777,369.7685444836426
40,rl,2.9007780358405744,1.6214043268821108,1.2485474321478924,362.17589678797566
41,rl,3.537559229604036,1.6518622549672897,1.2600476923057178,445.7493343657359
42,rl,3.754522457044355,1.658457808341618,1.262551951074888,474.0279653495832
43,rl,3.672988724287535,1.6502831940160498,1.2594488776321575,462.5941526359506
44,rl,3.758362017244221,1.700092914467926,1.2784756202021852,480.4974210940641
45,rl,3.8404093396826253,1.737193300184423,1.2928340872808246,496.50121034533413
46,rl,3.7605866021402905,1.737193300184423,1.2928340872808246,486.181454741854
47,rl,3.69825048801472,1.737193300184423,1.2928340872808246,478.1224294208375
48,rl,4.219203320168466,1.7623717590579884,1.3026703158425452,549.6230921687771
49,rl,4.7809761130471795,1.7697809758935967,1.3055790297580134,624.1942154968375
50,rl,4.679969242317888,1.7697809758935967,1.3055790297580134,611.0069702682734
51,rl,4.03839850423762,1.7624753839279523,1.302710952227105,526.0865960927906
52,rl,3.9529680705877603,1.7689152821617942,1.305238840478205,515.9567460901335
53,rl,4.237639436823509,1.7676422361114914,1.3047387360945963,552.9012322825722
54,rl,4.18368115562873,1.7547544094283511,1.2996866488862926,543.7474541167837
55,rl,3.9231457721184007,1.7880528215309663,1.312779988028525,515.0227259755752
56,rl,3.8580891695819166,1.7950394152645006,1.315543898610383,507.5485667338289
57,rl,3.2542139113627737,1.783071063288042,1.3108127416155806,426.5665058956999
58,rl,3.9945511420540565,1.77292919950412,1.3068169262112375,522.014704505267
59,rl,3.928541800663312,1.7635846954866399,1.3031460470244824,511.94637181048375
60,rl,3.930282045772685,1.732160217515244,1.2908767860449704,507.35098554972944
61,rl,3.864575308977029,1.7260900056326232,1.2885201002851714,497.95829646826786
62,rl,3.7900605230680533,1.742112284300758,1.2947498846383012,490.71804250145414
63,rl,3.7235516258764974,1.7460066002145271,1.2962686176063785,482.672311866091
64,rl,3.6858658211832,1.7411440139147183,1.2943725479699617,477.0883534440294
65,rl,3.593738084673798,1.742112284300758,1.2947498846383012,465.2991970551669
66,rl,3.6099356422437436,1.7298640204837596,1.2899848091074464,465.6762140349963
67,rl,4.189849376827484,1.844096094603782,1.335115390830018,559.3932388261933
68,rl,4.123933927154538,1.8411639715137675,1.3339374618131832,550.1069955473797
69,rl,4.339282311793937,1.8091379579273874,1.3211390424656257,573.2795278391469
70,rl,4.323336327509012,1.824649555120005,1.3273224685242573,573.8461446489858
71,rl,4.718017969689277,1.8374916802714476,1.3324636489896005,628.6587439890681
72,rl,4.716793851117317,1.8330743804704008,1.3306929966377985,627.6604544266045
73,rl,4.805908838243565,1.866482582163905,1.3441431239275812,645.9829319147879
74,rl,4.897179572626094,1.8738687006684964,1.3471350748289503,659.7162370020459
75,rl,4.7951702993982535,1.8661979878090662,1.3440279741866712,644.4843023380328
76,rl,4.760573199758551,1.911037189903554,1.3622925796177958,648.5293544758421
77,rl,5.11533433937489,1.8423252068424667,1.3344038433952907,682.5921802713764
78,rl,4.973270818734712,1.8323636386261246,1.3304083191860634,661.6480870809946
79,rl,4.905731607438114,1.83798275534832,1.3326606394233245,653.7675420807691
80,rl,4.8600399103371466,1.8428373023979023,1.334609565774356,648.6255754381099
81,rl,4.787809427978044,1.8469339769090196,1.336256450811225,639.7741233390462
82,rl,4.738774864603195,1.8502783546819053,1.3376024151350103,633.8596703674315
83,rl,4.795333226970439,1.8936327887400737,1.3551738572258143,649.8510225876641
84,rl,5.062957309121604,1.8947724165752629,1.3556388458549888,686.3541603150692
85,rl,4.956526685205264,1.8832963382268046,1.3509636766719637,669.6087514167605
86,rl,5.029934098215662,1.8944384791985651,1.3555025768828823,681.8088631682407
87,rl,4.944858044023979,1.895188141971382,1.3558085089981973,670.4280611875894
88,rl,4.690996701178992,1.9187973967631289,1.3654786900764428,640.5456030678806
89,rl,4.628756700014815,1.9184176963412656,1.3653226231207625,631.9746239452031
90,rl,4.525161309481859,1.895188141971382,1.3558085089981973,613.5252207984929
91,rl,4.639009195054802,1.8846972124879016,1.351533505183976,626.9776357973112
92,rl,4.841059908594498,1.8824441614027312,1.3506171573469323,653.8418572292101
93,rl,4.812329591238651,1.8846972124879016,1.351533505183976,650.4024680547345
94,rl,4.7994612431608585,1.9116198117774945,1.3625315285171433,653.9417263702753
95,rl,5.045441604493304,1.9055212856914552,1.3600324342847399,686.1964227400532
96,rl,5.066545733393187,1.8658119517957998,1.3438717958949538,680.8787913719017
97,rl,5.100205397441738,1.8605064891379963,1.3417272067005965,684.3084341508809
98,rl,5.048775744648197,1.8658119517957998,1.3438717958949538,678.4907327031254
99,rl,5.417650043013251,1.853890078463028,1.3390574970980373,725.4544906750399
100,rl,5.368940453594895,1.853890078463028,1.3390574970980373,718.9319965859181
101,rl,5.312451113652985,1.853890078463028,1.3390574970980373,711.3677491703847
102,rl,5.500682438754418,1.8961594639436568,1.3562050013691507,746.0053034382198
103,rl,5.473771939322123,1.9293516501401877,1.3698239154474778,749.8103710188765
104,rl,5.480090315449785,1.9299011323757191,1.370050517631831,750.8000573351161
105,rl,5.495277694960285,1.948223450251859,1.3776280012767816,757.0448427369016
106,rl,5.766738540158309,1.9495549904185188,1.3781803114572062,794.7605517367653
107,rl,5.73433945607947,1.9594015006408179,1.3822714289653661,792.6413594127449
108,rl,5.932628360194339,1.9064337948249162,1.3604060764740904,807.0783670670896
109,rl,5.844650932655425,1.9064337948249162,1.3604060764740904,795.10986436544
110,rl,5.7941837420194044,1.899062026761731,1.3573905148303889,786.4970052601589
111,rl,5.7535349068922335,1.899062026761731,1.3573905148303889,780.9793709361062
112,rl,5.752761720321955,1.925955228583277,1.3684240892809254,787.2217717981741
113,rl,5.778786527823374,1.933336811664046,1.3714682151285966,792.5422044923102
114,rl,5.719510092979973,1.9594551997403953,1.3822937736185101,790.6043189674442
115,rl,5.702785996480392,1.9594551997403953,1.3822937736185101,788.2925575213676
116,rl,5.699323125970416,1.9503080048486308,1.3784927526853452,785.6475624362205
117,rl,5.716931266554609,1.9440161000177236,1.3758842866794345,786.5835897678844
118,rl,5.70911894040501,1.8853339052264415,1.3517925698035913,771.7544563764445
119,rl,5.634718584886365,1.9038062946091756,1.359330480041488,765.9444718892277
120,rl,5.613185466513019,1.9259480915572842,1.368421149281165,768.1201707214078
121,rl,5.892578545097406,1.889338768386453,1.3534232519801572,797.5152817054235
122,rl,5.897116120082948,1.8674165644259204,1.3445210918723713,792.8797004672086
123,rl,5.860817972863408,1.8674165644259204,1.3445210918723713,787.9993380139528
124,rl,5.955637471599619,1.8245143961870334,1.3272684649956208,790.4729805000427
125,rl,6.014881425134311,1.824797015386036,1.327381389627591,798.4041664539966
126,rl,5.998906691528681,1.8102349965594497,1.3215754094997934,792.8007567408067
127,rl,5.9438380420091645,1.824797015386036,1.327381389627591,788.9739999923464
128,rl,5.884947963844358,1.8102349965594497,1.3215754094997934,777.7402515202582
129,rl,5.955400136331693,1.8074882577352678,1.3204831154907715,786.4005326017439
130,rl,6.204529774890403,1.8223910558310201,1.3264203604878382,822.9814620667654
131,rl,6.2239682304200645,1.8891241257062654,1.35333580487086,842.3119054606199
132,rl,6.216959247835306,1.871378059797323,1.346125428596294,836.8806932057995
133,rl,6.289652534059606,1.8502150938648416,1.3375769428750546,841.2894208253787
134,rl,6.200560167230914,1.8686195971198152,1.3450080969214753,833.9803630374356
135,rl,6.195485239360709,1.8612430893039795,1.3420247525947442,831.4494545557444
136,rl,6.209910677011118,1.842838586049006,1.334610081490929,828.7809394697198
137,rl,6.171432323386764,1.842838586049006,1.334610081490929,823.6455796030962
138,rl,6.142360587159065,1.8784829975617117,1.3490076019308874,828.6091125878248
139,rl,6.313200551997542,1.8954349382602969,1.3559092399378199,856.0126962034011
140,rl,6.334533949409115,1.8938286290311765,1.3552537522320778,858.4900903578185
141,rl,6.088389046664072,1.9266527265064655,1.3687114444386392,833.3247766363971
142,rl,6.0746534098954665,1.9124076654975166,1.3628547151754924,827.8870042732921
143,rl,6.07021115517974,1.9282590357355858,1.3693734411481562,831.2385938064405
144,rl,6.065547077875791,1.9430310374688258,1.3754763515547177,834.3016564859972
145,rl,6.026474339407689,1.875686448419609,1.3478724242776088,812.2918577704243
146,rl,5.984141564091907,1.9108013562683963,1.3621958698160854,815.1572923000765
147,rl,6.024113721489814,1.9266527265064655,1.3687114444386392,824.527339320295
148,rl,5.9944025231468006,1.9217932134010667,1.366710676075623,819.2613925079384
149,rl,5.981644108697254,1.8985686944773055,1.3571889466979223,811.8221267404659
150,rl,6.138053345850125,1.8824451014745867,1.3506175395579014,829.016250764724
151,rl,6.099295847092468,1.8985686944773055,1.3571889466979223,827.7896906314438
152,rl,6.051193190266328,1.8824451014745867,1.3506175395579014,817.2847658027035
153,rl,6.00413402543748,1.8824451014745867,1.3506175395579014,810.9288724612247
154,rl,5.960600687609963,1.8824451014745867,1.3506175395579014,805.0491834986904
155,rl,5.916082205242865,1.9136181546677684,1.3633514211355706,806.5699082072721
156,rl,5.960460040198353,1.9266527265064655,1.3687114444386392,815.8149871138678
157,rl,5.918125417356919,1.9108013562683963,1.3621958698160854,806.1646000577191
158,rl,5.880292531764788,1.941424728239706,1.3748114045129642,808.4293234542641
159,rl,5.820605374392115,1.9551541663346148,1.3805052205902484,803.5376106343973
160,rl,5.777424925123061,1.9678733977994582,1.3858011280814755,800.6361978641571
161,rl,5.741761122344263,1.9266527265064655,1.3687114444386392,785.8814159385439
162,rl,5.703720762395519,1.9019830983802661,1.3585846342072518,774.8987385599424
163,rl,5.65610787250698,1.8686195971198152,1.3450080969214753,760.7510885583187
164,rl,5.62092577996198,1.8686195971198152,1.3450080969214753,756.0190686243521
165,rl,5.5814050176591765,1.8686195971198152,1.3450080969214753,750.7034940949742
166,rl,5.539211355117581,1.9440526858874758,1.3758994399877142,762.1397801479867
167,rl,5.511819198382279,1.9310448961754427,1.3705223171227285,755.4071219328421
168,rl,5.513110878790622,1.9310448961754427,1.3705223171227285,755.5841496154644
169,rl,5.475163477140975,1.9310448961754427,1.3705223171227285,750.3833735316985
170,rl,5.605128082008536,1.9124076654975166,1.3628547151754924,763.8975235727896
171,rl,5.571510652744305,1.9567604755637351,1.3811729215269324,769.5219645569277
172,rl,5.534466986158584,1.969479707028578,1.3864713904589563,767.3380137748482
173,rl,5.498799372443849,2.0018446894692663,1.400045564305265,769.8569670394586
174,rl,5.591194289971182,1.941424728239706,1.3748114045129642,768.6837674700147
175,rl,5.560420044572424,1.8985686944773055,1.3571889466979223,754.6540623491262
176,rl,5.529673027037381,1.8985686944773055,1.3571889466979223,750.4811111148775
177,rl,5.495429734139565,1.9406382819845156,1.3744859648061665,755.3391040153315
178,rl,5.560611711399827,1.9644607064228103,1.38437819447419,769.7989601199728
179,rl,5.5239602493249675,1.9820602468193398,1.3917320789087801,768.78726816025
180,rl,5.483643818491541,1.9737059196544702,1.388236405113429,761.2593981505174
181,rl,5.542544398590257,1.9514895259919889,1.3789831329605624,764.3075239341009
182,rl,5.513189759037565,1.9302545067368984,1.3701962662645768,755.4152023041373
183,rl,5.480877246693095,1.8912024054659067,1.3541827498779344,742.2109421670258
184,rl,5.4527489899803205,1.8912024054659067,1.3541827498779344,738.401862164568
185,rl,5.5604087317022275,1.9136181546677682,1.3633514211355706,758.0791146460867
186,rl,5.529438792284476,1.9406382819845154,1.3744859648061665,760.0136013249772
187,rl,5.481288322829467,1.95267025593876,1.3794733591273776,756.1291215039236
188,rl,5.489723115028571,1.9928618724243108,1.3962648188241624,766.5107250600184
189,rl,5.474915539286061,1.9604968899836226,1.3827273012822896,757.0315188385487
190,rl,5.444126904421357,1.961678984708294,1.3832194267750852,753.0422096024529
191,rl,5.461783824606033,1.978950187524197,1.390429719663927,759.4226552111937
192,rl,5.43099265464464,1.953084524212248,1.3796454000822982,749.2844033861227
193,rl,5.422490708074961,1.9385954219888126,1.373640967829033,744.8555384284028
194,rl,5.395301136080825,1.9665254040599671,1.3852389027028063,747.3781025495806
195,rl,5.389533829526476,1.903424848452561,1.3591744015220182,732.5316417229319
196,rl,5.36058773942778,1.869792349092096,1.345483013691718,721.2579746804163
197,rl,5.363205156328538,1.9699398079629273,1.386663435844373,743.6960489212788
198,rl,5.359640166692915,1.9564989281152085,1.3810641810537199,740.2007057556373
199,rl,5.33515854852089,1.9564989281152085,1.3810641810537199,736.8196371604755
200,rl,5.32685148472055,1.9699398079629273,1.386663435844373,738.6550182035298
201,rl,5.053741153236161,1.9823645914271575,1.391859590867238,703.4098093892208
202,rl,5.034674176494487,1.9823645914271575,1.391859590867238,700.7559539445465
203,rl,5.015892474869685,2.018326544540612,1.4070091970999117,705.7406843805885
204,rl,5.131081974197668,1.9699398079629273,1.386663435844373,711.5083759940068
205,rl,5.11147337094881,1.9938015341681572,1.396659831051169,713.8989534691914
206,rl,5.086652353929884,2.0459821084614607,1.418771659972175,721.6798203886472
207,rl,5.062707418496801,2.050771278974592,1.4208185554776323,719.3188641154518
208,rl,5.0725690173885605,2.050771278974592,1.4208185554776323,720.7200183846608
209,rl,5.047970059573343,2.0596555963731364,1.4246235438698465,719.1456995618256
210,rl,5.0192513074102765,2.050771278974592,1.4208185554776323,713.1445392173886
211,rl,4.996512920371302,2.0676030760573556,1.4280359359808095,713.520000488264
212,rl,4.986129271146214,2.0647285627439307,1.4268007699308012,711.4213083045922
213,rl,5.051684108538569,2.0632834535414926,1.4261802163103112,720.4611934646898
214,rl,5.052334096714436,2.0457630900232804,1.4186781218518947,716.7635847295124
215,rl,5.024648821846001,2.0457630900232804,1.4186781218518947,712.8359353541821
216,rl,5.002981778659695,2.0457630900232804,1.4186781218518947,709.7620793408188
217,rl,4.974471285963542,2.068047511812295,1.4282270035382154,710.4674218938602
218,rl,4.962174690496023,2.068047511812295,1.4282270035382154,708.7111889240307
219,rl,4.9494290427431205,2.068047511812295,1.4282270035382154,706.8908210942025
220,rl,4.95404225620722,2.057551827981018,1.4237216191212807,705.3177062202586
221,rl,4.926701910442807,2.046048261349213,1.4187999136773173,699.0004245250129
222,rl,4.907806741837656,2.0640854078994195,1.426524555342802,700.1106830108369
223,rl,4.885512669934879,2.0535897240681424,1.4220245413491621,694.7318913719666
224,rl,4.866371573862757,1.9853821813126733,1.3931245097690725,677.9461513191704
225,rl,4.869164963784458,1.947737429985317,1.377426459843178,670.6916658458063
226,rl,4.944222347671975,1.9491825391877553,1.3780257999313654,681.3265955689207
227,rl,4.889179254196032,1.9295858774323502,1.3699205043708493,669.7786909867721
228,rl,4.963626568121609,1.9491825391877553,1.3780257999313654,684.0005472096358
229,rl,5.092755354584416,1.9506681593747013,1.3786422132708305,702.1087513691133
230,rl,5.049374502200416,1.9841336242494272,1.392600997953248,703.1763970803984
231,rl,5.037604974832254,1.9841336242494272,1.392600997953248,701.5373715245644
232,rl,5.0293335309297476,2.013042174248911,1.4047727709129492,706.5070800089588
233,rl,5.021015191901653,2.0377052435795817,1.4152410705615674,710.594691549279
234,rl,5.056176583641576,2.025888022883385,1.4102155239541942,713.0298710105033
235,rl,5.061142500600055,2.025888022883385,1.4102155239541942,713.7301723290547
236,rl,5.070131717669281,2.032305751034773,1.4129425931699109,716.3805056876649
237,rl,5.054296644259167,2.066843870576928,1.4277096047668463,721.6067864349652
238,rl,5.117937142115265,2.039771653743051,1.4161216971801978,724.7621831753839
239,rl,5.095686359093863,2.039771653743051,1.4161216971801978,721.6112015137984
240,rl,5.0747417894322835,2.0272327846639784,1.4107865139882099,715.9377278503462
241,rl,4.935381611267306,2.02192591897051,1.4085345454627136,695.165549451143
242,rl,4.924951365593002,2.0090800703360356,1.4030982801892184,691.0190791079085
243,rl,4.882370653169344,2.02192591897051,1.4085345454627136,687.6987728742374
244,rl,4.933077078995578,2.023129560205877,1.4090449952354267,695.0927569269317
245,rl,4.909560463399656,2.023129560205877,1.4090449952354267,691.7791599759008
246,rl,4.899747287556928,2.010283711571403,1.4036067598715407,687.731841447715
247,rl,4.857279298695414,2.034946780902074,1.414066370461524,686.8515308224121
248,rl,4.856525597120505,1.996377615595771,1.397743329778039,678.8176259271494
249,rl,4.851802902619981,2.010283711571403,1.4036067598715407,681.0023351681767
250,rl,4.832146344056757,1.9813751615719193,1.3914450899135196,672.3666304181339
251,rl,4.909880082363473,1.9511792316506265,1.3788543310517891,677.000941651179
252,rl,4.890129378375673,1.9511792316506265,1.3788543310517891,674.277607277689
253,rl,4.873790493298577,1.9823218321800207,1.3918416752220177,678.3544724873835
254,rl,4.868670383961754,1.9338539132814434,1.3716817187361678,667.8266160232537
255,rl,4.837087939379064,1.8918415023241766,1.3544433025367428,655.1561363273228
256,rl,4.910958285428075,1.9258673251659295,1.368387879116561,672.0095792626826
257,rl,4.86038289805213,1.9685053132603225,1.3860647678803795,673.6805493398392
258,rl,4.8526695616529745,1.9806295135119207,1.3911327978145032,675.0707784171582
259,rl,4.8304584822643495,1.9806295135119207,1.3911327978145032,671.9809223159203
260,rl,4.835913676492708,1.9411583374369714,1.3747011605766073,664.7936143522813
261,rl,4.8332594883000235,1.9258673251659295,1.368387879116561,661.3773700414863
262,rl,4.810995139108039,1.9553588814132168,1.3805902973694053,664.2013209743931
263,rl,4.767428662138945,1.9411583374369714,1.3747011605766073,655.378971480859
264,rl,4.860075921446299,1.9377276431388315,1.3732821819477232,667.4255665835366
265,rl,4.826524430048114,1.9390161004555615,1.3738149323913305,663.0751333551653
266,rl,4.80462020286748,1.9532166444318066,1.3797002726360768,662.8935803809065
267,rl,4.858008759101429,1.921304597123484,1.3665096639062169,663.8515916653151
268,rl,4.945318407700023,1.9380328949329122,1.3734083785716182,679.1941735839666
269,rl,4.96469269735006,1.904644026541501,1.3596733225462634,675.0360215227126
270,rl,5.069179269984662,1.9108013562683963,1.3621958698160854,690.5215064930426
271,rl,5.066464474219811,1.9108013562683963,1.3621958698160854,690.151698135215
272,rl,5.0811897422552414,1.8898665251183016,1.3536382882343387,687.8092984900265
273,rl,5.140518726221587,1.9486891014916876,1.3778211238042157,708.2715288299243
274,rl,5.135136211718583,1.9486891014916876,1.3778211238042157,707.5299146117821
275,rl,5.1198060545341875,1.976619083562842,1.3894543525996887,711.3736806938766
276,rl,5.121484719921868,1.9631782037151229,1.383843828272673,708.7335021256675
277,rl,5.128885603300482,1.9410843133644706,1.374670527811031,705.0527879371472
278,rl,5.1084212264874,1.8629987103590413,1.342734192878835,685.9251852432668
279,rl,5.093586738491722,1.8629987103590413,1.342734192878835,683.9333078167019
280,rl,5.062591351493581,1.904644026541501,1.3596733225462634,688.3470403579256
281,rl,5.051676688038769,1.904644026541501,1.3596733225462634,686.8630026855177
282,rl,5.042034848554892,1.9575073593798178,1.381483491668245,696.5487907694583
283,rl,5.036324644474895,1.9410843133644706,1.374670527811031,692.3287057248008
284,rl,5.1041190067677915,1.9767604755637351,1.3895134935282245,709.2242232477724
285,rl,5.1091418104947595,2.0041074513870862,1.4009995431050828,715.7905342162234
286,rl,5.129728884555993,1.9627828167677628,1.3836791283723395,709.789879176885
287,rl,5.103123968059357,1.9463597707524154,1.3768553364497893,702.6263467987351
288,rl,5.08175245861093,1.9627828167677628,1.3836791283723395,703.1514812534765
289,rl,5.090180884413446,1.9627828167677628,1.3836791283723395,704.3177049402741
290,rl,5.0693615157939425,1.99227437301505,1.39601790432162,707.691943952733
291,rl,5.260388605758069,2.0041074513870862,1.4009995431050828,736.9802033222238
292,rl,5.309579675020248,1.996377615595771,1.397743329778039,742.1429574684599
293,rl,5.295755771161825,1.9652350150663764,1.384700916974461,733.3037872400572
294,rl,5.276042316157875,1.9813751615719193,1.3914450899135196,734.1323174993829
295,rl,5.255397645206404,1.996377615595771,1.397743329778039,734.5697003918466
296,rl,5.242061825441073,2.010283711571403,1.4036067598715407,735.779341385364
297,rl,5.164628809861182,1.9614694632926932,1.3831321867913506,714.3364339748907
298,rl,5.152942393393987,1.9614694632926932,1.3831321867913506,712.7200480984882
299,rl,5.117276691184051,1.9909610195399803,1.3954660854612917,714.0986072468919
300,rl,5.0855307415400155,2.0041074513870862,1.4009995431050828,712.4826245344415
301,rl,5.006617216528165,1.980581187475717,1.391112560337041,696.4768094712005
1,rl,-5.0,1.0,1.0551466325330618,-105.51466325330618
1,rl,-5.0,1.0,1.0551466325330618,-105.51466325330618
1,rl,-5.0,1.0,1.0551466325330618,-105.51466325330618
1,rl,-5.0,1.0,1.0551466325330618,-105.51466325330618
1,rl,4.565537227639091,0.5411884030780174,0.9019496566218043,411.78847347631415
2,rl,1.7489653133411387,0.7706635459878962,0.9664577726759439,169.03011212191612
3,rl,0.8326435422274255,0.8367631711605321,0.9858809200820555,82.08873815115561
4,rl,1.5378004741449731,0.9877857431090965,1.0317357951160309,158.66037949217733
5,rl,1.3319060534598466,1.1533989427787468,1.0844762619557289,144.44204981323418
6,rl,0.9432550445498723,1.165404872675964,1.0884028077213632,102.66414388854206
7,rl,1.2391015925339905,1.2613558710716615,1.120298800887469,138.81640282935828
8,rl,1.28648815986697,1.6239997872371275,1.249523317699932,160.7496953698657
9,rl,1.0466097199857192,1.37832067098508,1.1604470855523867,121.45351992682275
10,rl,1.4736748085220748,1.872096688995876,1.3464166659898629,198.41803224435415
11,rl,1.3054106938122343,1.9107804244358961,1.362187286497864,177.82138507693813
12,rl,1.5871284807233244,1.961345664730303,1.3830806424529867,219.5126678774248
13,rl,1.511195520667683,1.9782726221414548,1.39014614610508,210.07826290674393
14,rl,2.0160917944803467,1.7724827567215602,1.3066413113976987,263.430882623794
15,rl,3.5443398897382887,1.5542285586063482,1.2235529740359241,433.66876130834424
16,rl,2.89712532886357,1.6375973195034965,1.2546484299274971,363.4873745161862
17,rl,1.299840817414264,1.861106461968828,1.3419695576929207,174.43468068166243
18,rl,1.630867508191499,1.8599125136477594,1.3414873213666958,218.77880850677917
19,rl,1.8148581058090312,1.6269373544462533,1.2506287546716617,226.97137327737195
20,rl,1.3713393692447418,1.7165183621850295,1.2848127642281284,176.19143256941948
21,rl,1.2727041611854686,1.7561847448671795,1.3002463804919782,165.48289790184847
22,rl,1.2219368842653873,1.7688093617599594,1.3051972233165867,159.4868628411305
23,rl,1.184106952038425,1.7002887217520253,1.278550980718676,151.39411048045304
24,rl,1.091944321433696,1.7673551160284644,1.3046259701061063,142.45789196522895
25,rl,2.164339147423595,1.5266796835847136,1.2134479615981975,262.6312926648342
26,rl,2.0695568725226874,1.5562196235636756,1.2242865551404183,253.37306541279784
27,rl,1.7246727420910368,1.5037609824413778,1.2051049346606013,207.84116321685391
28,rl,2.201024816515365,1.487035642415733,1.1990526861482589,263.9144718521727
29,rl,2.218698758559455,1.5971912754968638,1.2394800368695786,275.0032819061762
30,rl,2.711986294176628,1.6244263755794774,1.2496837866480721,338.9125301444321
31,rl,2.659157449634602,1.6244263755794774,1.2496837866480721,332.31059509527995
32,rl,3.4697059595246706,1.5590852302808105,1.2253431214808101,425.158033106453
33,rl,2.696128478490916,1.5929578113868248,1.2379014499928485,333.7541352890918
34,rl,2.494614428789132,1.579134941401482,1.232761122258289,307.5263682835811
35,rl,2.5377964188314053,1.6047401505184984,1.2422998809229997,315.270418892107
36,rl,2.6163905781116883,1.5713550860798555,1.2298774110227995,321.78396704324484
37,rl,2.5636146885502042,1.5713550860798555,1.2298774110227995,315.2931796014145
38,rl,2.650974973059877,1.564781976866528,1.2274462549144645,325.39293025543196
39,rl,3.4084381195293143,1.6160634068521587,1.2465416589866272,424.8760108071331
40,rl,3.845898581684456,1.5326585033516156,1.2156338967380984,467.52046793126016
41,rl,3.176788560266958,1.5870000418835812,1.2356833038682,392.5504583841377
42,rl,3.0821031183558394,1.6239682784031935,1.249511465897343,385.11231854635764
43,rl,3.6616883320874694,1.580790899171069,1.2333757981924256,451.6237769320274
44,rl,4.522330260205774,1.6697083794206011,1.2668351597210314,572.9046977499037
45,rl,4.443091902895141,1.6735088747147875,1.2682853284422326,563.5108273362388
46,rl,4.387454894356061,1.6910192817858032,1.2749883112186635,559.3953706303093
47,rl,4.457732958749648,1.7201200002135217,1.2862065150313657,573.3565173813843
48,rl,4.4395096052286505,1.7078278496173247,1.2814559519833084,568.9036007507322
49,rl,4.451338409322303,1.7635846954866399,1.3031460470244824,580.0744052076607
50,rl,4.460654032343856,1.7643591519251682,1.3034498908976728,581.4239011790863
51,rl,4.39024203786239,1.7902825744392161,1.313661451300838,576.7291727020257
52,rl,4.290429690980422,1.7830600816740345,1.3108084083442513,562.3931314346964
53,rl,4.231035612084236,1.7859760038425754,1.3119595149336962,555.0947429297229
54,rl,4.7584581512604265,1.7780331298672025,1.3088263102083928,622.7995224395235
55,rl,4.769930222174491,1.7950394152645006,1.315543898610383,627.505260057892
56,rl,4.77456097729789,1.8024458121944664,1.3184802385377283,629.5164296260651
57,rl,4.716317648268459,1.8024458121944664,1.3184802385377283,621.8371617908696
58,rl,4.699523328439006,1.8219800830788302,1.3262562723763638,623.2772291521278
59,rl,4.612335366307561,1.8279061793564269,1.328624335963039,612.8061013299223
60,rl,4.577813292216642,1.8452057637775676,1.3355614522217263,611.395096855278
61,rl,4.4640852578259365,1.8219800830788302,1.3262562723763638,592.0521073614506
62,rl,4.384260985087437,1.8152879373459092,1.3235871699783208,580.2951589698246
63,rl,4.29404505629569,1.8030741894285696,1.318729666372034,566.2684604475298
64,rl,4.340877441200766,1.8289685928884154,1.329049322349481,576.9240221630026
65,rl,4.2970631844174845,1.8017334770734728,1.3181975415429936,566.4378125554035
66,rl,4.272318471641623,1.7894935274938655,1.313349458556734,561.104715151246
67,rl,4.55678720458912,1.8252822164516167,1.3275752812120376,604.9478054555816
68,rl,4.50694109557976,1.8057046465383717,1.3197743113773763,594.8145080837177
69,rl,4.4246589137310135,1.816513139525509,1.324075428883622,585.8582148862133
70,rl,4.456263396135797,1.8282674606024754,1.3287688403426652,592.1343945144829
71,rl,4.409185559499959,1.8282674606024754,1.3287688403426652,585.8788382752385
72,rl,4.396658144337521,1.7664340484902452,1.3042642879679842,573.4404204063015
73,rl,4.450862417566053,1.7503013662298332,1.2979455866934433,577.6977231859568
74,rl,4.464447777876909,1.732603087103135,1.2910488933765043,576.3820363165178
75,rl,4.6376942089833735,1.7168066589830813,1.2849242728065784,595.908585897724
76,rl,4.757993795238369,1.7584696678335248,1.3011410370665053,619.082098109245
77,rl,4.828661176266851,1.766636774848914,1.3043438853615617,629.8234679746433
78,rl,4.781181022381648,1.766636774848914,1.3043438853615617,623.6304231350242
79,rl,4.721469028906653,1.790041978818413,1.3135663108468467,620.1962654078555
80,rl,4.612596110661653,1.7703087940461733,1.3057864885110757,602.3065678260725
81,rl,4.706807263961437,1.7356829554359816,1.2922464221368306,608.2354846541812
82,rl,4.651075885466291,1.7596176630693985,1.3015907643925113,605.3797417011646
83,rl,4.77775292180242,1.7728350817603422,1.30677990165358,624.3471493278071
84,rl,4.764597690105899,1.7832539899724669,1.3108849253666983,624.5839287396814
85,rl,4.639410753964236,1.7942892826448102,1.3152468659980932,610.1970454229312
86,rl,4.780217449088802,1.769527631882751,1.3054794646843093,624.0475716511044
87,rl,4.734703585074201,1.7382539305309999,1.293246931253559,612.3140881792434
88,rl,4.665691982584321,1.7495222935101735,1.2976412226603204,605.4394248837173
89,rl,4.754745794658767,1.842241760268304,1.3343703236960252,634.4591685111133
90,rl,4.700122311857475,1.8323832100232065,1.330416157412977,625.311866551242
91,rl,4.66167815690523,1.851256732671762,1.3379964253184775,623.7308709924426
92,rl,4.743605542489103,1.8609895058094919,1.3419223113835361,636.555011386873
93,rl,4.682971770572047,1.8514195138115843,1.338061991433514,626.6106533158562
94,rl,4.672846221432075,1.878654629626527,1.3490773020974467,630.4030773525832
95,rl,4.7393641773375546,1.8494711018378425,1.337277407447908,633.7844640021451
96,rl,4.789252694407767,1.8962438445844767,1.3562394509108808,649.5373444537047
97,rl,4.7949946512598345,1.910922344734633,1.3622454834698483,653.195980694079
98,rl,4.744120221699052,1.8992578090094403,1.3574705168020835,644.0003329121026
99,rl,4.665903253631172,1.8603784399428815,1.3416754886101614,626.0128027623344
100,rl,4.680733230358101,1.846538069499171,1.3360972052492053,625.3914587598542
101,rl,4.594575987540329,1.846538069499171,1.3360972052492053,613.8800136257742
102,rl,4.53504441650211,1.8603784399428815,1.3416754886101614,608.4557933379253
103,rl,4.486481241502414,1.8732593301113432,1.346887980629619,604.2787659499853
104,rl,4.446040812031622,1.8485181219699793,1.3368938303109963,594.3884530915967
105,rl,4.431298970312891,1.80399736506014,1.3190961969639263,584.5309619349898
106,rl,4.695382243132141,1.8029539682992104,1.3186819421900116,619.1715775697984
107,rl,4.64963100721502,1.7840387098578436,1.3111946247183475,609.657118358409
108,rl,4.530878073847317,1.7123794925573785,1.2832129821007057,581.4081564676317
109,rl,4.5748607045500975,1.74250975564966,1.2949048117641662,592.4009139472724
110,rl,4.588002119838871,1.7917493599812488,1.3142416219217756,602.9743347357581
111,rl,4.527585032553803,1.8477915007921848,1.3366014371259516,605.1576661221362
112,rl,4.486030573539981,1.864182274815416,1.3432126787347172,602.5693143570478
113,rl,4.501103567295791,1.8398932867321578,1.333427309322891,600.1894418722894
114,rl,4.6744037143535175,1.8700194187870836,1.3455749870429958,628.9760717374967
115,rl,4.6379461064374565,1.8956306402103562,1.355989121829066,628.9004467958662
116,rl,4.602750145553741,1.9174606906786915,1.3649293475134274,628.2428752938
117,rl,4.800078537467893,1.8589886608289747,1.3411142956751672,643.745394696174
118,rl,4.797203657355142,1.8643093505853694,1.343264062462865,644.3911273240582
119,rl,4.800960784739498,1.8532722713472338,1.3388084843851673,642.756703180971
120,rl,4.840609818171131,1.8643093505853694,1.343264062462865,650.2217209154184
121,rl,4.817074959619125,1.8360041463558412,1.3318671155615385,641.5703731911639
122,rl,4.812710704116463,1.8188016305409145,1.3249879045942603,637.678347126564
123,rl,4.8534284318940655,1.8807182154366238,1.3499156109257342,655.1718806724606
124,rl,4.765279688093349,1.8923827511618168,1.3546640028551964,645.5352856997098
125,rl,4.740615819625151,1.9031312721527625,1.359054289421789,644.2754264162351
126,rl,4.912371029600185,1.8936125273555169,1.355165591660112,665.7076192782127
127,rl,5.074114619634474,1.9124876891689533,1.3628875460942986,691.5447622554833
128,rl,5.028223099168581,1.9100719399670918,1.3618967968782296,684.7920932746814
129,rl,5.0268003062885755,1.9124876891689533,1.3628875460942986,685.0963534143706
130,rl,4.935741212781479,1.875742521441163,1.3478951760998095,665.2861771185179
131,rl,4.9231204959012285,1.8855952974408563,1.351898942351537,665.5561391478045
132,rl,4.9242460873553116,1.8810632111975576,1.3500558124394726,664.800705211637
133,rl,4.879581758084181,1.8703146902066121,1.3456945945369672,656.6426795455073
134,rl,4.8425625883052525,1.8533294647250242,1.3388315347452027,648.3375502200422
135,rl,4.821534280202272,1.890886422657143,1.3540539457297431,652.8617516579103
136,rl,4.8134035453062545,1.9053539315926382,1.3599639194756485,654.6055151492676
137,rl,5.005422986997821,1.9050464172773456,1.359838032037636,680.6564544155062
138,rl,5.036247965750444,1.9050464172773456,1.359838032037636,684.8481522599632
139,rl,5.018286568847415,1.9183371064991834,1.3652895008505683,685.1413964706799
140,rl,4.9832505628002135,1.9183371064991834,1.3652895008505683,680.3579673498817
141,rl,4.945160035142093,1.9306576387006182,1.370362556266483,677.666214690417
142,rl,5.005599410870064,1.9440526858874758,1.3758994399877142,688.7201426218953
143,rl,5.084699108724952,1.9551541663346148,1.3805052205902484,701.945366472538
144,rl,5.056819085498929,1.9722344159372538,1.3876215987137073,701.6951383826012
145,rl,5.074092285405696,1.9551541663346148,1.3805052205902484,700.4810889759268
146,rl,5.035834968418946,1.9108013562683963,1.3621958698160854,685.9793595055705
147,rl,4.999536771354871,1.9108013562683963,1.3621958698160854,681.0348340933251
148,rl,5.004394259132345,1.9108013562683963,1.3621958698160854,681.696519072141
149,rl,4.97376141484475,1.941424728239706,1.3748114045129642,683.7983916455099
150,rl,4.962125297310417,1.91927621869063,1.365675524036343,677.6653065738398
151,rl,5.129780475360044,1.906321005735396,1.36035988752793,697.8347590503761
152,rl,5.083688099293679,1.923021510207966,1.367216116502905,695.0500300628339
153,rl,4.8754865835344745,1.91927621869063,1.365675524036343,665.8332694900603
154,rl,4.8870740615942685,1.9477776585187794,1.3774431405720708,673.1666643610715
155,rl,4.849092938616244,1.9477776585187794,1.3774431405720708,667.9349806293411
156,rl,4.824247283251667,1.9340482204238703,1.371761953871465,661.7718879232414
157,rl,4.762729915895841,1.9477776585187794,1.3774431405720708,656.0389653048122
158,rl,4.730054410099032,1.9340482204238703,1.371761953871465,648.8508679515788
159,rl,4.69855299107513,1.91927621869063,1.365675524036343,641.6698818299054
160,rl,4.662937034880907,1.9340482204238703,1.371761953871465,639.6439617747849
161,rl,4.647719827178532,1.9722344159372538,1.3876215987137073,644.9276416962871
162,rl,4.624659651133676,1.9639112938865828,1.3841492515773488,640.1219194916641
163,rl,4.569227033450328,1.9470827922625675,1.3771550432283457,629.2534052771413
164,rl,4.5975345279142,1.914808376009151,1.3638399870058366,627.0301430809387
165,rl,4.599991017685335,1.8969333764180956,1.3565209944337842,623.9984389696986
166,rl,4.705995720130646,1.877828685401019,1.3487419173253172,634.7173690493745
167,rl,4.570779857302632,1.8969333764180956,1.3565209944337842,620.0358837366077
168,rl,4.538844262465091,1.8969333764180956,1.3565209944337842,615.703753249922
169,rl,4.610810852903527,1.857754509374814,1.3406161419844942,618.1327457039762
170,rl,4.740601887948538,1.8366851031207079,1.3321401608711254,631.5146161637725
171,rl,4.707071837116809,1.8700486043811588,1.3455868089659162,633.3773772879339
172,rl,4.67969066199894,1.8700486043811588,1.3455868089659162,629.693002482675
173,rl,4.687713552897359,1.9026164465673852,1.3588436823027423,636.9869945799518
174,rl,4.69828462324995,1.9173884483006252,1.3648996645501144,641.2687106234819
175,rl,4.667595259111288,1.9438371178603775,1.375810157409659,642.172496816248
176,rl,4.640663683044335,1.9438371178603775,1.375810157409659,638.4672232254514
177,rl,4.729463892520119,2.000861096974553,1.3996310849966975,661.9504679340639
178,rl,4.724955703580875,2.0312332657190373,1.41248649792974,667.39361346241
179,rl,4.674803737989796,2.011860722206094,1.4042732487937806,656.470183262024
180,rl,4.7422333234622815,2.0415469939625654,1.416878718301085,671.9169473231932
181,rl,4.710241696022655,2.0415469939625654,1.416878718301085,667.3841217148909
182,rl,4.556515181661755,2.0104342290986086,1.403670359142505,639.5845301481432
183,rl,4.599779204713959,2.0152466433705953,1.40570530342535,646.5934022652051
184,rl,4.572332856831359,2.0024007947361215,1.4002799576641152,640.2546059190058
185,rl,4.564946510315261,2.00545221316768,1.4015668016291776,639.8077480070835
186,rl,4.547245369668986,1.9915461171920474,1.3957118932619095,634.6644444027152
187,rl,4.519449814928967,2.00545221316768,1.4015668016291776,633.4310822233571
188,rl,4.524285146322078,1.9400267798619117,1.374232972054431,621.7421823051906
189,rl,4.499853070341935,1.9400267798619117,1.374232972054431,618.3846458664254
190,rl,4.596426499439889,1.9359961502628533,1.3725665708161034,630.8901358344474
191,rl,4.568172957558004,1.915288626049529,1.3640371711524601,623.1157718362587
192,rl,4.535708572228635,1.9338539132814432,1.3716817187361678,622.1548530040943
193,rl,4.532953164913788,1.9338539132814432,1.3716817187361678,621.7768988199497
194,rl,4.507344312979766,1.967319378156169,1.3855700282484815,624.5241187061007
195,rl,4.506241668036703,1.923021510207966,1.367216116502905,616.1006233396713
196,rl,4.47605594194356,1.953084524212248,1.3796454000822982,617.5369990813472
197,rl,4.448766317872779,1.9665254040599671,1.3852389027028063,616.2604172551291
198,rl,4.456100622164909,1.9903871302651968,1.3952250285133665,621.7263117618465
199,rl,4.424311093648878,2.000861096974553,1.3996310849966975,619.2403336366705
200,rl,4.409015449569592,1.9903871302651968,1.3952250285133665,615.1568706341608
201,rl,4.388352970950716,1.9385954219888126,1.373640967829033,602.8021422192154
202,rl,4.422539644862733,1.975460126921792,1.3889696833257836,614.2773490020714
203,rl,4.438278834575678,2.0092181292942506,1.4031565940077741,622.7600212780002
204,rl,4.522617482310701,1.9697469532193015,1.3865829353485013,627.098422408082
205,rl,4.494446415779364,1.9970939290426526,1.398044760233266,628.3437261729523
206,rl,4.322984439653598,1.9438371178603775,1.375810157409659,594.7605902399324
207,rl,4.32629464109501,1.954938598307517,1.380415639141539,597.2084782101783
208,rl,4.341667669127254,1.9839474971955469,1.3925229729472195,604.5871970161909
209,rl,4.352448822527437,1.9380328949329122,1.3734083785716182,597.7689680163356
210,rl,4.327437161467782,1.9544559409482596,1.3802150871283976,597.2794058857921
211,rl,4.293835235271931,1.9544559409482596,1.3802150871283976,592.6416173365832
212,rl,4.301684415317147,1.975806748429924,1.3891146208052891,597.5532715407301
213,rl,4.539729719963908,2.033337239714056,1.4133813927297967,641.6369514219439
214,rl,4.51384313248744,2.056745396070613,1.4233760381324707,642.4896154671433
215,rl,4.492800783533946,2.045562454728737,1.4185924401937609,637.3453226817861
216,rl,4.67976565220372,2.0581240535234624,1.4239668863349548,666.38313245458
217,rl,4.685444797973679,2.053051087152668,1.4217939846375331,666.1737229110198
218,rl,4.57043753808208,2.059356690695961,1.4244953626161894,651.0567078124876
219,rl,4.555799950453256,2.0463718115527536,1.418938109130067,646.4398167270996
220,rl,4.446026417338552,2.0321422661278934,1.4128730585208478,628.1670942529607
221,rl,4.476620802380632,2.024656597257864,1.4096928595096208,631.0660379848206
222,rl,4.524339646161807,2.025687971781355,1.4101306013829955,637.9909786103078
223,rl,4.644178327915913,1.9321028721427869,1.370958874011948,636.6977491150292
224,rl,4.541173260639252,1.9945912695938777,1.396991904122738,634.3982280331693
225,rl,4.587944038763263,2.030760938152149,1.4122856781454791,647.9487658078283
226,rl,4.56338645948934,2.0469197675510924,1.419172183967195,647.6231127999813
227,rl,4.641222214596527,2.003992232248534,1.4009509510957203,650.2124675785591
228,rl,4.65886411299057,1.9989192658777395,1.398813170555419,651.6880481079199
229,rl,4.640070574152507,2.0325000182937663,1.413025224853405,655.6536766377515
230,rl,4.690683256622134,2.0325000182937663,1.413025224853405,662.8053763404594
231,rl,4.764546347724041,2.0554187194371023,1.4228076987072484,677.9033224389268
232,rl,4.754976416438086,2.081869762481194,1.434182111248038,681.9502115861804
233,rl,4.736737202844912,2.069205508627916,1.4287249585129222,676.7494663621213
234,rl,4.725110927170941,2.081869762481194,1.434182111248038,677.6669565411194
235,rl,4.70584641829783,2.081869762481194,1.434182111248038,674.90407514034
236,rl,4.696640507250899,2.0554187194371023,1.4228076987072484,668.2416271776897
237,rl,4.6943159815543485,2.024310312548453,1.4095459178462242,661.6853928880223
238,rl,4.798044006044463,2.0713031999256635,1.4296274375215807,685.9415357477126
239,rl,4.768817509755843,2.0887314677394224,1.437147589509137,685.3494588954575
240,rl,4.767166310935323,2.0847693638265477,1.4354345079652082,684.2955027925763
241,rl,4.752649158535782,2.0847693638265477,1.4354345079652082,682.2116606414071
242,rl,4.730069224904701,2.0713031999256635,1.4296274375215807,676.2236745300197
243,rl,4.73742545651692,2.0713031999256635,1.4296274375215807,677.2753415849791
244,rl,4.8306690692598355,2.0847693638265477,1.4354345079652082,693.4109078575742
245,rl,4.826491495923383,2.0752653038385382,1.431333588770086,690.8319394028316
246,rl,4.800969419268693,2.0752653038385382,1.431333588770086,687.1788788457294
247,rl,4.7934339481886425,2.0752653038385382,1.431333588770086,686.1003015593212
248,rl,4.900626777570235,2.056667276500349,1.4233425659398689,697.527069230045
249,rl,4.871892492302731,2.0428093115858066,1.4174172281028294,690.5504352054722
250,rl,4.855655847462372,2.0256879717813545,1.4101306013829953,684.7108900290972
251,rl,4.898286389433334,2.0159417755942646,1.4059994859813238,688.6988145732582
252,rl,4.871124358691971,2.0847693638265477,1.4354345079652082,699.2179997056351
253,rl,4.857177532297429,2.079111299803686,1.4329916894148906,696.0295037794942
254,rl,4.835814623644462,2.079111299803686,1.4329916894148906,692.9682167233511
255,rl,4.812929076100758,2.111559458200263,1.4470575493906315,696.4585354253279
256,rl,4.8672193738244385,2.115521562113138,1.4487845021475205,705.1551997349006
257,rl,4.859554588808912,2.1027188524053737,1.4432116330023075,701.3365713778767
258,rl,4.8858897742272624,2.057013191065543,1.4234907872578102,695.501908116965
259,rl,4.848807606812233,2.073513897250202,1.4305791515021382,693.6603071950558
260,rl,4.940998045946468,2.0847693638265477,1.4354345079652082,709.2479098940223
261,rl,4.919860735954573,2.069551793337327,1.4288738995437054,702.9860594995375
262,rl,4.985825358670116,2.060878632808413,1.4251481450154462,710.5539761279687
263,rl,5.076367379796889,1.9900741434381113,1.3950935788037595,708.2007535203506
264,rl,5.070867314783414,1.9511792316506262,1.378854331051789,699.1987359178066
265,rl,5.06532166652119,1.9482830743677912,1.377652728057876,697.8254212373585
266,rl,5.057592607038124,1.987177986155276,1.3938778241128338,704.9666178347454
267,rl,5.036028589783301,2.00459990917236,1.4012072490681269,705.6519766518697
268,rl,5.000429791296599,2.020758738571303,1.408039734894089,704.0803837693768
269,rl,4.986267367620809,2.035708316061009,1.4143905751611243,705.2529569996341
270,rl,4.9716811545264825,2.035708316061009,1.4143905751611243,703.1898967668435
271,rl,4.946177534650009,2.035708316061009,1.4143905751611243,699.5826888082659
272,rl,4.924766289764406,2.035708316061009,1.4143905751611243,696.5543025113994
273,rl,4.901667410809355,2.049495105251823,1.4202728293178382,696.1705041925245
274,rl,4.90184894958355,2.079042901053887,1.432962184311779,702.4164177961643
275,rl,4.8905452027009755,2.0798448111014936,1.433308141674002,700.965825625604
276,rl,4.870944123400659,2.0798448111014936,1.433308141674002,698.1563869709299
277,rl,4.864432366023263,2.075193930943798,1.4313028363512488,696.2475842727913
278,rl,4.803238969106591,2.075193930943798,1.4313028363512488,687.4889560155111
279,rl,4.786926939175336,2.061727767042914,1.42551248064311,682.3824095721163
280,rl,4.780241767160776,2.061727767042914,1.42551248064311,681.4294299579162
281,rl,4.767946969877379,2.061727767042914,1.42551248064311,679.6767912604702
282,rl,4.7604696613571456,2.061727767042914,1.42551248064311,678.610891598749
283,rl,4.773456516353815,2.064623924325749,1.4267558274094725,681.0556901593526
284,rl,4.75739933405317,2.078090088226633,1.4325512335258983,681.5218284373157
285,rl,4.751971210023401,2.0341361510568925,1.4137213465714198,671.7963137902901
286,rl,4.731022124625437,2.0551051795285034,1.422673413457586,673.0699395184232
287,rl,4.726006981371757,2.0246174062596474,1.4096762285221724,666.2139697469596
288,rl,4.7287718719127385,2.012068090101688,1.4043609118223825,664.0902377839408
289,rl,4.718101989661088,2.027017667591394,1.4106951590792065,665.5803636856868
290,rl,4.715225968603451,2.012068090101688,1.4043609118223825,662.1879040716519
291,rl,4.629133597776988,2.0179773216579493,1.406861290833692,651.2548868810147
292,rl,4.637629812862466,1.9417346628795862,1.3749396798830418,637.646125031317
293,rl,4.619071349337341,1.9722889083024324,1.3876443612181675,640.9628311972355
294,rl,4.601999678081091,1.952141742056135,1.3792539043992156,634.7326024037278
295,rl,4.524439162310859,1.9638027238347908,1.3841040143849943,626.2294407395141
296,rl,4.535308287497,1.973320282825923,1.3880752565285606,629.5349214603506
297,rl,4.537130727939648,1.9542839790375452,1.3801436411868369,626.1892123399309
298,rl,4.522726395089125,1.9338539132814434,1.3716817187361678,620.3741114989283
299,rl,4.506535115523845,1.9338539132814434,1.3716817187361678,618.1531832806643
300,rl,4.48933872739758,1.9142572515260383,1.3636137379002016,612.1723962766748
301,rl,4.478358118849437,1.877828685401019,1.3487419173253172,604.0149315686391
302,rl,4.4634907729580195,1.9214614926299973,1.3665742060284105,609.9691359170242
303,rl,4.400699873670001,1.932102872142787,1.3709588740119483,603.3178543671147
304,rl,4.3773552324955,1.932102872142787,1.3709588740119483,600.117400069234
305,rl,4.362710686582298,1.932102872142787,1.3709588740119483,598.1096930516761
1,rl,-5.0,1.0,1.0551466325330618,-105.51466325330618
1,rl,-5.0,1.0,1.0551466325330618,-105.51466325330618
1,rl,-5.0,1.0,1.0551466325330618,-105.51466325330618
1,rl,-5.0,1.0,1.0551466325330618,-105.51466325330618
1,rl,6.204084638035396,0.5571246835123504,0.9062869736773741,562.2681091043386
2,rl,4.246145449648234,0.8842842475236727,1.0000855706917815,424.65087952517644
3,rl,4.682862542559973,1.2117071311065917,1.103679586660587,516.8379795360937
4,rl,3.1724718420445317,1.4284166477847244,1.1780797013376318,373.74246801778685
5,rl,2.3123460705684686,1.5604847312693892,1.2258594572176729,283.4611298966482
6,rl,1.786719612486943,1.7364560462663308,1.2925471932818293,230.94194203015962
7,rl,1.3886168107030945,1.549054232571186,1.2216486179903743,169.64018077136367
8,rl,1.358936228185433,1.889096806014033,1.3533246750195844,183.90819293813908
9,rl,2.776612211312914,1.8017250160920852,1.3181941840860163,366.0114068414896
10,rl,2.4654853620562176,1.8568822403225553,1.3402641703509988,330.4401693288808
11,rl,2.1215180794327093,1.959556733328568,1.3823360235973237,293.2650865912842
12,rl,1.8859715154160706,1.9935958308667112,1.3965733485521268,263.38975545585504
13,rl,3.7537184370305674,1.8370989750521889,1.3323061397098939,500.11021203980516
14,rl,3.74321583016646,1.7905699497423295,1.3137750992114907,491.77437486469637
15,rl,3.464496326928434,1.7895137953861748,1.3133574716460708,455.0122136461827
16,rl,4.135675744556359,1.6418352099639653,1.2562500466624222,519.5442847079574
17,rl,3.946821665008863,1.6418352099639653,1.2562500466624222,495.8194900835643
18,rl,5.541804081091757,1.625150620875561,1.2499562718577748,692.7012768567654
19,rl,5.231374932569355,1.6318925641299582,1.252495668061245,655.2274441047305
20,rl,6.158170357532051,1.646182115509232,1.2578949873592682,774.6331624044
21,rl,6.041951929128815,1.6734270808295295,1.268254100581624,766.2730309634672
22,rl,6.513345568251059,1.6982559091433345,1.2777688266765463,832.2549924483038
23,rl,7.2661846950764275,1.734941380596088,1.291957978061337,938.7605286871175
24,rl,7.053301182640817,1.7272465693881323,1.2889687900393616,909.1485091171733
25,rl,6.739317792282971,1.7272465693881323,1.2889687900393616,868.6770300409722
26,rl,6.467746323566946,1.734941380596088,1.291957978061337,835.6056462809198
27,rl,6.2533321031815134,1.7412125431881782,1.2943992503315749,809.4308386432522
28,rl,6.319978856469022,1.677561080659265,1.2698333719453405,802.5320061933315
29,rl,6.2461355867143595,1.671438099356038,1.2674949694946365,791.694543494188
30,rl,6.635117222115928,1.6760096553533583,1.269240465774393,842.1559273466116
31,rl,6.374980282800358,1.680511534035161,1.270961707163877,810.2355823363998
32,rl,6.630050392739476,1.6599979193735108,1.263137430636625,837.4664818076288
33,rl,6.381190888342839,1.6735088747147875,1.2682853284422326,809.317078167448
34,rl,6.44764503332289,1.7411440139147183,1.2943725479699617,834.5654730188018
35,rl,6.8333701503789,1.8049459593823451,1.319472925719038,901.644690484159
36,rl,6.713390654715685,1.7974783782069945,1.3165101269210475,883.824678291032
37,rl,6.3155863242707895,1.7864403066340988,1.3121428991068778,828.6951749088423
38,rl,6.242261737692494,1.7885124086845967,1.3129616230725143,819.585010276419
39,rl,6.0452347741632915,1.8085982318704654,1.3209244095107266,798.5298174415357
40,rl,5.912088551087364,1.8397858839663441,1.3333841983759311,788.3085453419145
41,rl,5.94613420733959,1.8072030731797648,1.3203697580623568,785.1095784751277
42,rl,5.896301235136555,1.8765187401359218,1.3482101689748187,794.9453284549886
43,rl,5.772617841742395,1.8719848183762684,1.3463713242707904,777.2087128095901
44,rl,5.734703523455507,1.8805339287645833,1.3498407253327607,774.0936363669521
45,rl,5.738325084200372,1.895875549394403,1.356089095826709,778.1680074993004
46,rl,5.627049803058361,1.9035147780026196,1.3592111968990934,764.8349097825762
47,rl,5.733239373591261,1.8814271150138404,1.3502037137060665,774.1041093788764
48,rl,6.098092209128387,1.8259720761058353,1.3278510053398536,809.7357870546257
49,rl,6.069137963373997,1.8187989429310976,1.3249868326116774,804.15278867742
50,rl,6.421255814132406,1.8154253354510324,1.3236419159345532,849.9443348524107
51,rl,6.273718715601367,1.833209384780598,1.3307470775617432,834.8732846230932
52,rl,6.396549974754211,1.7899229735749782,1.313519254295916,840.1991552905711
53,rl,6.708281621409433,1.7990330605831395,1.3171264057974863,883.565486108434
54,rl,6.554120378757274,1.7706768057893296,1.305931154911755,855.9229995661155
55,rl,6.055151416280552,1.8457911153361546,1.335796810073201,808.8451946377786
56,rl,6.176300944162335,1.8557789025192626,1.33981909191047,827.5125922373359
57,rl,6.145623250797189,1.880303912891718,1.3497472633327408,829.5038164237568
58,rl,6.0390475643734,1.880303912891718,1.3497472633327408,815.118792314925
59,rl,6.248480913711681,1.9139626411641784,1.3634928090565972,851.9758793373273
60,rl,6.143368448653767,1.9139626411641784,1.3634928090565972,837.6438703124595
1,rl,-5.0,1.0,1.0551466325330618,-105.51466325330618
1,rl,-5.0,1.0,1.0551466325330618,-105.51466325330618
1,rl,-5.0,1.0,1.0551466325330618,-105.51466325330618
1,rl,-5.0,1.0,1.0551466325330618,-105.51466325330618
1,rl,2.602286323323381,0.5411884030780174,0.9019496566218043,234.71312557531408
2,rl,2.980887123666162,0.8176338568998316,0.9802200420965153,292.1925301845005
3,rl,3.8584206378618946,1.1863518592140876,1.095287601844438,422.6080287350841
4,rl,2.7541404135209744,1.3834651896016472,1.1622456093433866,320.0987603129932
5,rl,3.114885755098687,1.5933536261796002,1.2380489573693267,385.6381061424497
6,rl,5.573321479916291,1.4921297910586453,1.2008928338680198,669.296182607418
7,rl,4.764238884720159,1.5766031075928206,1.2318219215600348,586.8693897747023
8,rl,4.564416488796162,1.6284124330524117,1.2511842108127862,571.0925842355294
9,rl,4.003928449318046,1.6277489788592918,1.2509343497384724,500.865163114704
10,rl,4.310285491053906,1.4967068102606993,1.2025485885211584,518.3327733390104
11,rl,6.239859829737286,1.4868853483369966,1.1989984386037305,748.1582192961146
12,rl,5.676225684518056,1.4921297910586453,1.2008928338680198,681.6538747955328
13,rl,5.713025272764854,1.4553279794012774,1.1876622262343028,678.5144313984742
14,rl,5.29935772014824,1.4650791340961522,1.191153599887299,631.2349025445126
15,rl,6.196836956520786,1.4844305953367884,1.198112760847794,742.450943450076
16,rl,7.78441015952079,1.5037609824413778,1.2051049346606013,938.1031096660622
17,rl,7.250269377708512,1.5037609824413778,1.2051049346606013,873.7335404695175
18,rl,6.954440336319189,1.5063863267530264,1.2060577144371314,838.7456417210517
19,rl,6.789665457876229,1.548331786786922,1.2213829653617132,829.2781730754863
20,rl,6.51251662615326,1.5154704744737937,1.2093603145962553,787.5979155818048
21,rl,6.203564647370885,1.5515668792181618,1.222573000575748,758.4310645201855
22,rl,5.6072628928729,1.5119094129262374,1.2080645914790098,677.393575599391
23,rl,5.436130452845454,1.5675935027921295,1.2284855482595831,667.8207699774463
24,rl,5.167958350643557,1.5942184490506581,1.2383713100531217,639.9851352986433
25,rl,6.343153827933115,1.6408282244896872,1.2558692937391485,796.6172117965137
26,rl,6.10489473800877,1.6418352099639653,1.2562500466624222,766.9274299492694
27,rl,6.07328125014232,1.6653980275126656,1.2651924497955553,768.3869583164975
28,rl,5.896035623604051,1.6613198244591443,1.263640174830275,745.0467486216553
29,rl,5.702303964356568,1.700092914467926,1.2784756202021852,729.0256597412142
30,rl,5.501326895301289,1.7014674294891234,1.2790047248366188,703.6223091961116
31,rl,5.30450989867867,1.7011238982079653,1.2788724656783197,678.3791653338244
32,rl,5.126243964344959,1.6983733059186514,1.2778139837618896,655.0386221814974
33,rl,5.326158327219995,1.754825456733157,1.2997144460626044,692.2484919904464
34,rl,5.305123780605438,1.7374987341487154,1.2929529620978273,685.9275506429425
35,rl,5.147834529731001,1.751947168529278,1.2985887948012311,668.4920237799544
36,rl,4.928971711875241,1.7466086518958068,1.2965035689366335,639.0429415633959
37,rl,4.7951970012295115,1.7604550345950898,1.3019189028693854,624.2957618883293
38,rl,5.112099926077217,1.751947168529278,1.2985887948012311,663.8515681908076
39,rl,5.426997877826822,1.751947168529278,1.2985887948012311,704.7438633555971
40,rl,5.284975312115945,1.7661041675915752,1.3041347756784463,689.2320093132454
41,rl,5.236487048061397,1.7604550345950898,1.3019189028693854,681.748147250184
42,rl,5.2514265529553965,1.733728754275154,1.2914864517985694,678.2146245757157
43,rl,5.271968812631757,1.7880528215309663,1.312779988028525,692.0935154733475
44,rl,5.191079957944287,1.7825703566728013,1.3106151807018425,680.3508197118864
45,rl,4.881435014518861,1.729735285398626,1.2899348191372466,629.673299258361
46,rl,4.789879473767637,1.729735285398626,1.2899348191372466,617.8632312683666
47,rl,4.675201187091729,1.735805497281247,1.292294092398608,604.17348748536
48,rl,4.960400068711207,1.7494951169912314,1.2976306067691847,643.6766950979629
49,rl,4.919222120060862,1.7425238335212565,1.2949102994032047,636.9951388318877
50,rl,4.498191559819784,1.7260900056326232,1.2885201002851714,579.6010239760899
51,rl,4.440440323320523,1.7306598140234912,1.2902938719523698,572.947293795067
52,rl,4.567247665321572,1.782693823703767,1.3106638936082264,598.6126608103453
53,rl,4.44927646429999,1.782693823703767,1.3106638936082264,583.1506014438868
54,rl,4.613825915061008,1.8330743804704008,1.3306929966377985,613.9585832877665
55,rl,4.4949775061823365,1.8462918767951257,1.3359981888991428,600.5281807401986
56,rl,4.493525961835503,1.827906179356427,1.328624335963039,597.020794717637
57,rl,4.4213025724976225,1.8330743804704008,1.3306929966377985,588.339636923927
58,rl,4.350479067628918,1.827906179356427,1.328624335963039,578.0152362349572
